<?xml version="1.0" encoding="utf-8"?>
<!-- Splash screen file, saved 1/6/2020 6:58:12 AM using CourseLab 190608 -->
<splash>
<settings>
<showsplash>no</showsplash>
<fitwindow>no</fitwindow>
<fit_small_window>yes</fit_small_window>
</settings>
<data>
<![CDATA[<img src="images/simple_0003_00.jpg" style="position:absolute;left:0px;top:0px;width:1018px;height:682px;"/><div style="position: absolute; box-sizing: border-box; left: 32px; top: 383px; width: 960px; height: 92px;"><p style="COLOR: #fefefe; FONT-SIZE: 24px"><span style="font-size:24px"><span style="font-family:open_sanssemibold,arial,sans-serif">Название курса</span></span></p></div><div style="position: absolute; left: 746px; top: 585px; width: 250px; height: 75px;"><div style="position: absolute; width: 250px; height: 75px; -webkit-touch-callout: none; -webkit-user-select: none; -khtml-user-select: none; -moz-user-select: none; -ms-user-select: none; user-select: none;" title="НАЧАТЬ" ><div id="SM3_TTL_BTN_BTN" style="cursor: pointer; position: relative; left: 0; top: 0; box-sizing: border-box; width: 250px; height: 75px; border-style: solid; border-width: 1px; border-color: #26020A; -o-border-radius: 5px; -ms-border-radius: 5px; -moz-border-radius: 5px; -webkit-border-radius: 5px; border-radius: 5px;-o-box-shadow: 2px 2px 6px rgba(102,102,102,0.66);-ms-box-shadow: 2px 2px 6px rgba(102,102,102,0.66);-moz-box-shadow: 2px 2px 6px rgba(102,102,102,0.66); -webkit-box-shadow: 2px 2px 6px rgba(102,102,102,0.66); box-shadow: 2px 2px 6px rgba(102,102,102,0.66);border-color: #26020A; background-color: #26020A;background-image: -o-linear-gradient(90deg, #26020A 0%, #4D2830 100%); background-image: -ms-linear-gradient(90deg, #26020A 0%, #4D2830 100%); background-image: -moz-linear-gradient(90deg, #26020A 0%, #4D2830 100%); background-image: -webkit-linear-gradient(90deg, #26020A 0%, #4D2830 100%); background-image: linear-gradient(0deg, #26020A 0%, #4D2830 100%);" onmouseover="this.setAttribute('style', this.getAttribute('data-style-over'));" onmouseout="this.setAttribute('style', this.getAttribute('data-style-idle'));" onclick="CL.Start(); return false;" data-style-idle="cursor: pointer; position: relative; left: 0; top: 0; box-sizing: border-box; width: 250px; height: 75px; border-style: solid; border-width: 1px; border-color: #26020A; -o-border-radius: 5px; -ms-border-radius: 5px; -moz-border-radius: 5px; -webkit-border-radius: 5px; border-radius: 5px;-o-box-shadow: 2px 2px 6px rgba(102,102,102,0.66);-ms-box-shadow: 2px 2px 6px rgba(102,102,102,0.66);-moz-box-shadow: 2px 2px 6px rgba(102,102,102,0.66); -webkit-box-shadow: 2px 2px 6px rgba(102,102,102,0.66); box-shadow: 2px 2px 6px rgba(102,102,102,0.66);border-color: #26020A; background-color: #26020A;background-image: -o-linear-gradient(90deg, #26020A 0%, #4D2830 100%); background-image: -ms-linear-gradient(90deg, #26020A 0%, #4D2830 100%); background-image: -moz-linear-gradient(90deg, #26020A 0%, #4D2830 100%); background-image: -webkit-linear-gradient(90deg, #26020A 0%, #4D2830 100%); background-image: linear-gradient(0deg, #26020A 0%, #4D2830 100%);" data-style-over="cursor: pointer; position: relative; left: 0; top: 0; box-sizing: border-box; width: 250px; height: 75px; border-style: solid; border-width: 1px; border-color: #26020A; -o-border-radius: 5px; -ms-border-radius: 5px; -moz-border-radius: 5px; -webkit-border-radius: 5px; border-radius: 5px;-o-box-shadow: 2px 2px 6px rgba(102,102,102,0.66);-ms-box-shadow: 2px 2px 6px rgba(102,102,102,0.66);-moz-box-shadow: 2px 2px 6px rgba(102,102,102,0.66); -webkit-box-shadow: 2px 2px 6px rgba(102,102,102,0.66); box-shadow: 2px 2px 6px rgba(102,102,102,0.66);border-color: #26020A; background-color: #26020A;background-image: -o-linear-gradient(270deg, #26020A 0%, #4D2830 100%); background-image: -ms-linear-gradient(270deg, #26020A 0%, #4D2830 100%); background-image: -moz-linear-gradient(270deg, #26020A 0%, #4D2830 100%); background-image: -webkit-linear-gradient(270deg, #26020A 0%, #4D2830 100%); background-image: linear-gradient(180deg, #26020A 0%, #4D2830 100%);"><div id="SM3_TTL_BTN_BTN_BG" style="position: relative; padding: 0; margin: 0; width: 248px; height: 73px; "><table id="SM3_TTL_BTN_BTN_TABLE" style="border-spacing: 0; width: 248px; height: 73px;"><tr><td id="SM3_TTL_BTN_BTN_TABLE_CONTENT" style="text-align: center; vertical-align: middle; padding: 0; text-shadow: 1px 1px 2px rgba(0,0,0,0.66); width: 248px; height: 73px; font-family: open_sanssemibold, Arial, sans-serif; font-size: 18px; color: #FFFFFF; ">НАЧАТЬ</td></tr></table></div></div></div></div>]]>
</data>
</splash>
